"StartTime","Request Type","Latency","Response code"
"1733253126058","POST","676","404"
"1733253126041","POST","675","404"
"1733253126036","POST","122","404"
"1733253126039","POST","677","404"
"1733253126051","POST","674","404"
"1733253126068","POST","662","404"
"1733253126080","POST","652","404"
"1733253126045","POST","697","404"
"1733253126039","POST","704","404"
"1733253126051","POST","686","404"
"1733253126065","POST","678","404"
"1733253126043","POST","488","404"
"1733253126047","POST","543","404"
"1733253126047","POST","675","404"
"1733253126071","POST","655","404"
"1733253126075","POST","652","404"
"1733253126044","POST","685","404"
"1733253126040","POST","689","404"
"1733253126042","POST","699","404"
"1733253126040","POST","690","404"
"1733253126081","POST","653","404"
"1733253126050","POST","604","404"
"1733253126040","POST","674","404"
"1733253126082","POST","648","404"
"1733253126073","POST","665","404"
"1733253126060","POST","678","404"
"1733253126065","POST","672","404"
"1733253126081","POST","575","404"
"1733253126058","POST","599","404"
"1733253126046","POST","612","404"
"1733253126055","POST","668","404"
"1733253126046","POST","674","404"
"1733253126071","POST","646","404"
"1733253126084","POST","630","404"
"1733253126052","POST","666","404"
"1733253126061","POST","656","404"
"1733253126069","POST","647","404"
"1733253126041","POST","686","404"
"1733253126051","POST","680","404"
"1733253126038","POST","614","404"
"1733253126076","POST","578","404"
"1733253126082","POST","509","404"
"1733253126053","POST","536","404"
"1733253126036","POST","553","404"
"1733253126074","POST","522","404"
"1733253126063","POST","589","404"
"1733253126038","POST","616","404"
"1733253126054","POST","536","404"
"1733253126054","POST","601","404"
"1733253126057","POST","471","404"
"1733253126048","POST","608","404"
"1733253126070","POST","600","404"
"1733253126054","POST","602","404"
"1733253126061","POST","595","404"
"1733253126058","POST","599","404"
"1733253126039","POST","615","404"
"1733253126046","POST","610","404"
"1733253126049","POST","608","404"
"1733253126056","POST","603","404"
"1733253126039","POST","620","404"
"1733253126037","POST","621","404"
"1733253126078","POST","576","404"
"1733253126049","POST","621","404"
"1733253126042","POST","630","404"
"1733253126055","POST","651","404"
"1733253126053","POST","604","404"
"1733253126071","POST","587","404"
"1733253126065","POST","632","404"
"1733253126044","POST","662","404"
"1733253126047","POST","625","404"
"1733253126074","POST","640","404"
"1733253126077","POST","638","404"
"1733253126077","POST","595","404"
"1733253126076","POST","635","404"
"1733253126048","POST","663","404"
"1733253126056","POST","658","404"
"1733253126037","POST","677","404"
"1733253126081","POST","634","404"
"1733253126052","POST","665","404"
"1733253126044","POST","671","404"
"1733253126062","POST","652","404"
"1733253126042","POST","672","404"
"1733253126052","POST","663","404"
"1733253126058","POST","657","404"
"1733253126057","POST","659","404"
"1733253126055","POST","661","404"
"1733253126078","POST","639","404"
"1733253126063","POST","655","404"
"1733253126050","POST","668","404"
"1733253126065","POST","653","404"
"1733253126059","POST","658","404"
"1733253126048","POST","670","404"
"1733253126043","POST","675","404"
"1733253126047","POST","672","404"
"1733253126046","POST","675","404"
"1733253126056","POST","663","404"
"1733253126044","POST","675","404"
"1733253126041","POST","678","404"
"1733253126040","POST","681","404"
"1733253126043","POST","676","404"
"1733253126062","POST","657","404"
"1733253126051","POST","669","404"
"1733253126040","POST","679","404"
"1733253126047","POST","671","404"
"1733253126060","POST","661","404"
"1733253126070","POST","652","404"
"1733253126038","POST","681","404"
"1733253126036","POST","687","404"
"1733253126055","POST","666","404"
"1733253126043","POST","678","404"
"1733253126064","POST","656","404"
"1733253126061","POST","660","404"
"1733253126053","POST","668","404"
"1733253126044","POST","677","404"
"1733253126076","POST","646","404"
"1733253126038","POST","685","404"
"1733253126049","POST","673","404"
"1733253126056","POST","667","404"
"1733253126049","POST","674","404"
"1733253126080","POST","643","404"
"1733253126083","POST","638","404"
"1733253126078","POST","645","404"
"1733253126053","POST","672","404"
"1733253126038","POST","686","404"
"1733253126061","POST","662","404"
"1733253126053","POST","670","404"
"1733253126078","POST","647","404"
"1733253126068","POST","656","404"
"1733253126060","POST","666","404"
"1733253126045","POST","679","404"
"1733253126054","POST","670","404"
"1733253126048","POST","678","404"
"1733253126079","POST","645","404"
"1733253126072","POST","654","404"
"1733253126060","POST","667","404"
"1733253126041","POST","684","404"
"1733253126056","POST","670","404"
"1733253126064","POST","661","404"
"1733253126052","POST","672","404"
"1733253126059","POST","668","404"
"1733253126054","POST","674","404"
"1733253126042","POST","684","404"
"1733253126045","POST","680","404"
"1733253126057","POST","669","404"
"1733253126050","POST","678","404"
"1733253126059","POST","670","404"
"1733253126073","POST","656","404"
"1733253126064","POST","661","404"
"1733253126068","POST","659","404"
"1733253126050","POST","679","404"
"1733253126066","POST","662","404"
"1733253126059","POST","669","404"
"1733253126080","POST","649","404"
"1733253126074","POST","658","404"
"1733253126037","POST","692","404"
"1733253126058","POST","671","404"
"1733253126044","POST","685","404"
"1733253126049","POST","681","404"
"1733253126036","POST","695","404"
"1733253126036","POST","694","404"
"1733253126058","POST","677","404"
"1733253126042","POST","693","404"
"1733253126041","POST","689","404"
"1733253126077","POST","657","404"
"1733253126066","POST","678","404"
"1733253126082","POST","664","404"
"1733253126069","POST","678","404"
"1733253126057","POST","677","404"
"1733253126040","POST","707","404"
"1733253126067","POST","675","404"
"1733253126037","POST","712","404"
"1733253126059","POST","683","404"
"1733253126067","POST","681","404"
"1733253126050","POST","687","404"
"1733253127127","POST","20","404"
"1733253126038","POST","704","404"
"1733253126048","POST","701","404"
"1733253126046","POST","703","404"
"1733253126064","POST","684","404"
"1733253127376","POST","27","404"
"1733253127157","POST","146","404"
"1733253126052","POST","695","404"
"1733253127308","POST","37","404"
"1733253127201","POST","83","404"
"1733253127131","POST","70","404"
"1733253127151","POST","147","404"
"1733253126057","POST","691","404"
"1733253127115","POST","196","404"
"1733253127097","POST","214","404"
"1733253127364","POST","81","404"
"1733253127305","POST","59","404"
"1733253127115","POST","195","404"
"1733253127190","POST","123","404"
"1733253127200","POST","121","404"
"1733253127131","POST","72","404"
"1733253127356","POST","26","404"
"1733253127328","POST","36","404"
"1733253127368","POST","79","404"
"1733253127367","POST","80","404"
"1733253127334","POST","113","404"
"1733253127373","POST","80","404"
"1733253127158","POST","204","404"
"1733253127369","POST","80","404"
"1733253127338","POST","38","404"
"1733253127283","POST","98","404"
"1733253127296","POST","86","404"
"1733253127151","POST","149","404"
"1733253127383","POST","76","404"
"1733253127291","POST","91","404"
"1733253127321","POST","60","404"
"1733253127154","POST","140","404"
"1733253127293","POST","48","404"
"1733253127151","POST","148","404"
"1733253127087","POST","65","404"
"1733253127363","POST","81","404"
"1733253127364","POST","82","404"
"1733253127366","POST","79","404"
"1733253127365","POST","80","404"
"1733253127363","POST","80","404"
"1733253127374","POST","78","404"
"1733253127373","POST","79","404"
"1733253127375","POST","78","404"
"1733253127377","POST","80","404"
"1733253127374","POST","81","404"
"1733253127377","POST","79","404"
"1733253127381","POST","78","404"
"1733253127382","POST","40","404"
"1733253127382","POST","40","404"
"1733253127323","POST","61","404"
"1733253127363","POST","81","404"
"1733253127364","POST","80","404"
"1733253127363","POST","82","404"
"1733253127365","POST","80","404"
"1733253127365","POST","80","404"
"1733253127365","POST","80","404"
"1733253127364","POST","30","404"
"1733253127333","POST","113","404"
"1733253127365","POST","81","404"
"1733253127365","POST","81","404"
"1733253127365","POST","30","404"
"1733253127364","POST","82","404"
"1733253127363","POST","81","404"
"1733253127362","POST","82","404"
"1733253127363","POST","82","404"
"1733253127362","POST","81","404"
"1733253127363","POST","81","404"
"1733253127363","POST","82","404"
"1733253127367","POST","81","404"
"1733253127366","POST","82","404"
"1733253127366","POST","82","404"
"1733253127366","POST","80","404"
"1733253127366","POST","80","404"
"1733253127366","POST","81","404"
"1733253127366","POST","80","404"
"1733253127367","POST","81","404"
"1733253127347","POST","42","404"
"1733253127368","POST","81","404"
"1733253127366","POST","81","404"
"1733253127367","POST","81","404"
"1733253127368","POST","79","404"
"1733253127369","POST","80","404"
"1733253127370","POST","78","404"
"1733253127368","POST","80","404"
"1733253127372","POST","77","404"
"1733253127368","POST","81","404"
"1733253127367","POST","80","404"
"1733253127367","POST","80","404"
"1733253127372","POST","78","404"
"1733253127349","POST","102","404"
"1733253127350","POST","100","404"
"1733253127372","POST","78","404"
"1733253127373","POST","77","404"
"1733253127371","POST","79","404"
"1733253127372","POST","28","404"
"1733253127338","POST","50","404"
"1733253127369","POST","79","404"
"1733253127373","POST","78","404"
"1733253127375","POST","78","404"
"1733253127375","POST","79","404"
"1733253127372","POST","80","404"
"1733253127373","POST","76","404"
"1733253127373","POST","78","404"
"1733253127349","POST","102","404"
"1733253127373","POST","79","404"
"1733253127373","POST","79","404"
"1733253127374","POST","78","404"
"1733253127373","POST","81","404"
"1733253127375","POST","79","404"
"1733253127372","POST","79","404"
"1733253127374","POST","80","404"
"1733253127377","POST","78","404"
"1733253127376","POST","79","404"
"1733253127374","POST","79","404"
"1733253127375","POST","78","404"
"1733253127338","POST","117","404"
"1733253127375","POST","81","404"
"1733253127375","POST","80","404"
"1733253127376","POST","79","404"
"1733253127376","POST","79","404"
"1733253127374","POST","79","404"
"1733253127376","POST","79","404"
"1733253127375","POST","78","404"
"1733253127374","POST","79","404"
"1733253127374","POST","80","404"
"1733253127377","POST","78","404"
"1733253127377","POST","80","404"
"1733253127376","POST","81","404"
"1733253127380","POST","77","404"
"1733253127380","POST","77","404"
"1733253127379","POST","78","404"
"1733253127377","POST","79","404"
"1733253127380","POST","76","404"
"1733253127378","POST","79","404"
"1733253127378","POST","78","404"
"1733253127379","POST","77","404"
"1733253127378","POST","78","404"
"1733253127380","POST","78","404"
"1733253127379","POST","78","404"
"1733253127378","POST","79","404"
"1733253127379","POST","78","404"
"1733253127379","POST","79","404"
"1733253127379","POST","79","404"
"1733253127380","POST","78","404"
"1733253127380","POST","78","404"
"1733253127381","POST","77","404"
"1733253127380","POST","78","404"
"1733253127381","POST","77","404"
"1733253127381","POST","78","404"
"1733253127380","POST","78","404"
"1733253127381","POST","77","404"
"1733253127379","POST","79","404"
"1733253127379","POST","78","404"
"1733253127381","POST","78","404"
"1733253127381","POST","78","404"
"1733253127382","POST","77","404"
"1733253127382","POST","43","404"
"1733253127383","POST","45","404"
"1733253127359","POST","32","404"
"1733253127293","POST","91","404"
"1733253127382","POST","77","404"
"1733253127383","POST","44","404"
"1733253127384","POST","52","404"
"1733253127383","POST","77","404"
"1733253127323","POST","37","404"
"1733253127385","POST","75","404"
"1733253127384","POST","76","404"
"1733253127383","POST","77","404"
"1733253127461","POST","155","404"
"1733253127521","POST","96","404"
"1733253127323","POST","60","404"
"1733253127614","POST","92","404"
"1733253127617","POST","97","404"
"1733253127530","POST","176","404"
"1733253128015","POST","37","404"
"1733253127618","POST","97","404"
"1733253127708","POST","118","404"
"1733253127462","POST","156","404"
"1733253127684","POST","79","404"
"1733253127846","POST","26","404"
"1733253127698","POST","90","404"
"1733253127648","POST","173","404"
"1733253127713","POST","112","404"
"1733253127617","POST","63","404"
"1733253127439","POST","82","404"
"1733253127814","POST","56","404"
"1733253127817","POST","34","404"
"1733253127784","POST","90","404"
"1733253127821","POST","57","404"
"1733253127826","POST","55","404"
"1733253127878","POST","166","404"
"1733253127817","POST","56","404"
"1733253127784","POST","90","404"
"1733253127824","POST","57","404"
"1733253127826","POST","55","404"
"1733253127523","POST","192","404"
"1733253127715","POST","115","404"
"1733253127882","POST","134","404"
"1733253127882","POST","134","404"
"1733253128043","POST","48","404"
"1733253127843","POST","185","404"
"1733253127872","POST","164","404"
"1733253128030","POST","34","404"
"1733253127851","POST","179","404"
"1733253127847","POST","191","404"
"1733253127871","POST","158","404"
"1733253128040","POST","51","404"
"1733253127854","POST","188","404"
"1733253128044","POST","31","404"
"1733253128050","POST","47","404"
"1733253128050","POST","46","404"
"1733253127882","POST","170","404"
"1733253127883","POST","167","404"
"1733253128049","POST","47","404"
"1733253127881","POST","169","404"
"1733253127523","POST","193","404"
"1733253127716","POST","169","404"
"1733253127884","POST","171","404"
"1733253127885","POST","170","404"
"1733253128043","POST","49","404"
"1733253128048","POST","47","404"
"1733253128047","POST","47","404"
"1733253128029","POST","58","404"
"1733253128038","POST","52","404"
"1733253128028","POST","60","404"
"1733253128031","POST","58","404"
"1733253128038","POST","52","404"
"1733253128031","POST","58","404"
"1733253128036","POST","29","404"
"1733253128037","POST","53","404"
"1733253128035","POST","54","404"
"1733253128038","POST","52","404"
"1733253128032","POST","57","404"
"1733253128033","POST","56","404"
"1733253128029","POST","59","404"
"1733253128037","POST","53","404"
"1733253128038","POST","30","404"
"1733253128027","POST","61","404"
"1733253128028","POST","34","404"
"1733253127890","POST","198","404"
"1733253128038","POST","52","404"
"1733253128028","POST","60","404"
"1733253128040","POST","52","404"
"1733253128042","POST","49","404"
"1733253128040","POST","51","404"
"1733253128042","POST","50","404"
"1733253128040","POST","51","404"
"1733253128043","POST","48","404"
"1733253128037","POST","29","404"
"1733253128041","POST","52","404"
"1733253128044","POST","49","404"
"1733253128044","POST","49","404"
"1733253128047","POST","48","404"
"1733253128043","POST","51","404"
"1733253128045","POST","49","404"
"1733253127905","POST","153","404"
"1733253127933","POST","163","404"
"1733253128041","POST","50","404"
"1733253128028","POST","59","404"
"1733253128029","POST","58","404"
"1733253128048","POST","46","404"
"1733253128026","POST","61","404"
"1733253127887","POST","201","404"
"1733253128047","POST","31","404"
"1733253128043","POST","51","404"
"1733253128029","POST","35","404"
"1733253128045","POST","47","404"
"1733253128028","POST","60","404"
"1733253127892","POST","195","404"
"1733253128050","POST","32","404"
"1733253128046","POST","32","404"
"1733253128029","POST","58","404"
"1733253128051","POST","46","404"
"1733253128026","POST","61","404"
"1733253128030","POST","57","404"
"1733253128048","POST","31","404"
"1733253128047","POST","31","404"
"1733253128028","POST","59","404"
"1733253128046","POST","49","404"
"1733253128032","POST","57","404"
"1733253128048","POST","47","404"
"1733253128030","POST","57","404"
"1733253128030","POST","57","404"
"1733253127906","POST","189","404"
"1733253128040","POST","50","404"
"1733253128049","POST","47","404"
"1733253128037","POST","53","404"
"1733253128039","POST","52","404"
"1733253128031","POST","58","404"
"1733253128048","POST","47","404"
"1733253128040","POST","51","404"
"1733253128049","POST","48","404"
"1733253128037","POST","53","404"
"1733253128049","POST","47","404"
"1733253128050","POST","45","404"
"1733253127890","POST","198","404"
"1733253128049","POST","46","404"
"1733253128046","POST","31","404"
"1733253127892","POST","195","404"
"1733253128050","POST","46","404"
"1733253128045","POST","30","404"
"1733253128041","POST","51","404"
"1733253127903","POST","189","404"
"1733253128050","POST","30","404"
"1733253128042","POST","31","404"
"1733253128042","POST","50","404"
"1733253128016","POST","80","404"
"1733253128040","POST","52","404"
"1733253128051","POST","46","404"
"1733253128042","POST","51","404"
"1733253128051","POST","46","404"
"1733253128042","POST","50","404"
"1733253128053","POST","44","404"
"1733253128054","POST","44","404"
"1733253127902","POST","190","404"
"1733253128045","POST","47","404"
"1733253128042","POST","50","404"
"1733253127883","POST","171","404"
"1733253128022","POST","77","404"
"1733253128041","POST","51","404"
"1733253128099","POST","129","404"
"1733253127902","POST","191","404"
"1733253128052","POST","45","404"
"1733253128044","POST","49","404"
"1733253128083","POST","141","404"
"1733253127906","POST","187","404"
"1733253128045","POST","32","404"
"1733253128044","POST","31","404"
"1733253128048","POST","47","404"
"1733253128044","POST","49","404"
"1733253128039","POST","53","404"
"1733253128044","POST","50","404"
"1733253128045","POST","49","404"
"1733253128046","POST","49","404"
"1733253128044","POST","49","404"
"1733253128037","POST","28","404"
"1733253128045","POST","48","404"
"1733253128050","POST","32","404"
"1733253128026","POST","60","404"
"1733253127883","POST","168","404"
"1733253128099","POST","128","404"
"1733253128343","POST","28","404"
"1733253127684","POST","147","404"
"1733253128051","POST","47","404"
"1733253128228","POST","116","404"
"1733253127885","POST","171","404"
"1733253128340","POST","52","404"
"1733253128325","POST","70","404"
"1733253128098","POST","125","404"
"1733253128227","POST","118","404"
"1733253128099","POST","128","404"
"1733253128228","POST","117","404"
"1733253128227","POST","117","404"
"1733253128378","POST","164","404"
"1733253128612","POST","118","404"
"1733253128598","POST","87","404"
"1733253128398","POST","129","404"
"1733253128344","POST","55","404"
"1733253128551","POST","81","404"
"1733253128329","POST","70","404"
"1733253128383","POST","165","404"
"1733253128387","POST","163","404"
"1733253128374","POST","179","404"
"1733253128599","POST","128","404"
"1733253128684","POST","57","404"
"1733253128399","POST","154","404"
"1733253128686","POST","56","404"
"1733253128451","POST","111","404"
"1733253128632","POST","103","404"
"1733253128554","POST","88","404"
"1733253128552","POST","80","404"
"1733253128229","POST","171","404"
"1733253128381","POST","163","404"
"1733253128547","POST","67","404"
"1733253128548","POST","62","404"
"1733253128463","POST","148","404"
"1733253128511","POST","114","404"
"1733253128482","POST","136","404"
"1733253128548","POST","63","404"
"1733253128403","POST","195","404"
"1733253128370","POST","182","404"
"1733253128400","POST","135","404"
"1733253128624","POST","109","404"
"1733253128595","POST","133","404"
"1733253128624","POST","109","404"
"1733253128615","POST","117","404"
"1733253128612","POST","117","404"
"1733253128685","POST","42","404"
"1733253128715","POST","31","404"
"1733253128590","POST","147","404"
"1733253128570","POST","166","404"
"1733253128610","POST","91","404"
"1733253128715","POST","32","404"
"1733253128789","POST","148","404"
"1733253128597","POST","83","404"
"1733253128641","POST","97","404"
"1733253128691","POST","53","404"
"1733253128676","POST","64","404"
"1733253128709","POST","36","404"
"1733253128706","POST","39","404"
"1733253128684","POST","101","404"
"1733253128569","POST","167","404"
"1733253128632","POST","102","404"
"1733253128553","POST","92","404"
"1733253128639","POST","98","404"
"1733253128631","POST","105","404"
"1733253128607","POST","88","404"
"1733253128694","POST","90","404"
"1733253128690","POST","95","404"
"1733253128686","POST","99","404"
"1733253128714","POST","94","404"
"1733253128702","POST","107","404"
"1733253128710","POST","99","404"
"1733253128687","POST","97","404"
"1733253128683","POST","102","404"
"1733253128679","POST","106","404"
"1733253128789","POST","150","404"
"1733253128701","POST","108","404"
"1733253128650","POST","158","404"
"1733253128789","POST","150","404"
"1733253128700","POST","109","404"
"1733253128788","POST","146","404"
"1733253128710","POST","98","404"
"1733253128714","POST","99","404"
"1733253128700","POST","107","404"
"1733253128810","POST","134","404"
"1733253128651","POST","164","404"
"1733253128705","POST","104","404"
"1733253128684","POST","101","404"
"1733253128701","POST","106","404"
"1733253128652","POST","162","404"
"1733253128643","POST","195","404"
"1733253128833","POST","129","404"
"1733253128789","POST","148","404"
"1733253128788","POST","146","404"
"1733253128789","POST","149","404"
"1733253128830","POST","123","404"
"1733253128789","POST","149","404"
"1733253128786","POST","130","404"
"1733253128787","POST","139","404"
"1733253128787","POST","139","404"
"1733253128787","POST","140","404"
"1733253128787","POST","139","404"
"1733253128787","POST","138","404"
"1733253128787","POST","140","404"
"1733253128788","POST","145","404"
"1733253128786","POST","132","404"
"1733253128786","POST","139","404"
"1733253128786","POST","133","404"
"1733253128786","POST","140","404"
"1733253128786","POST","130","404"
"1733253128788","POST","144","404"
"1733253128787","POST","140","404"
"1733253128786","POST","137","404"
"1733253128787","POST","139","404"
"1733253128787","POST","140","404"
"1733253128786","POST","130","404"
"1733253128786","POST","139","404"
"1733253128787","POST","141","404"
"1733253128786","POST","138","404"
"1733253128789","POST","148","404"
"1733253128789","POST","150","404"
"1733253128789","POST","148","404"
"1733253128788","POST","144","404"
"1733253128789","POST","148","404"
"1733253128789","POST","150","404"
"1733253128790","POST","150","404"
"1733253128788","POST","144","404"
"1733253128789","POST","150","404"
"1733253128786","POST","123","404"
"1733253128789","POST","149","404"
"1733253128787","POST","144","404"
"1733253128788","POST","144","404"
"1733253128787","POST","145","404"
"1733253128787","POST","144","404"
"1733253128789","POST","151","404"
"1733253128787","POST","144","404"
"1733253128787","POST","144","404"
"1733253128789","POST","149","404"
"1733253128789","POST","149","404"
"1733253128790","POST","150","404"
"1733253128789","POST","149","404"
"1733253128787","POST","144","404"
"1733253128787","POST","141","404"
"1733253128789","POST","149","404"
"1733253128786","POST","128","404"
"1733253128787","POST","143","404"
"1733253128788","POST","145","404"
"1733253128787","POST","142","404"
"1733253128787","POST","142","404"
"1733253128788","POST","145","404"
"1733253128789","POST","148","404"
"1733253128789","POST","148","404"
"1733253128788","POST","147","404"
"1733253128788","POST","145","404"
"1733253128788","POST","145","404"
"1733253128788","POST","147","404"
"1733253128788","POST","145","404"
"1733253128788","POST","145","404"
"1733253128789","POST","148","404"
"1733253128788","POST","148","404"
"1733253128788","POST","145","404"
"1733253128788","POST","145","404"
"1733253128788","POST","146","404"
"1733253128788","POST","146","404"
"1733253128788","POST","146","404"
"1733253128789","POST","147","404"
"1733253128789","POST","148","404"
"1733253128786","POST","137","404"
"1733253128697","POST","87","404"
"1733253128823","POST","128","404"
"1733253128787","POST","140","404"
"1733253128641","POST","96","404"
"1733253128680","POST","104","404"
"1733253128645","POST","194","404"
"1733253128686","POST","98","404"
"1733253128679","POST","105","404"
"1733253128998","POST","24","404"
"1733253128960","POST","38","404"
"1733253128683","POST","102","404"
"1733253128892","POST","131","404"
"1733253128786","POST","129","404"
"1733253128690","POST","94","404"
"1733253128950","POST","40","404"
"1733253128942","POST","43","404"
"1733253128963","POST","60","404"
"1733253128786","POST","129","404"
"1733253129035","POST","75","404"
"1733253128688","POST","97","404"
"1733253128962","POST","49","404"
"1733253129128","POST","88","404"
"1733253129020","POST","85","404"
"1733253129020","POST","84","404"
"1733253129110","POST","79","404"
"1733253128990","POST","152","404"
"1733253128786","POST","128","404"
"1733253128787","POST","141","404"
"1733253129021","POST","88","404"
"1733253128998","POST","36","404"
"1733253128952","POST","70","404"
"1733253129104","POST","39","404"
"1733253128963","POST","61","404"
"1733253129034","POST","190","404"
"1733253129112","POST","115","404"
"1733253129133","POST","87","404"
"1733253129192","POST","32","404"
"1733253129030","POST","196","404"
"1733253129110","POST","82","404"
"1733253129142","POST","84","404"
"1733253129144","POST","82","404"
"1733253128962","POST","62","404"
"1733253129137","POST","86","404"
"1733253129141","POST","86","404"
"1733253129107","POST","119","404"
"1733253129138","POST","86","404"
"1733253129140","POST","87","404"
"1733253129012","POST","67","404"
"1733253129115","POST","114","404"
"1733253129189","POST","116","404"
"1733253129147","POST","157","404"
"1733253129147","POST","163","404"
"1733253129311","POST","138","404"
"1733253129012","POST","137","404"
"1733253129152","POST","150","404"
"1733253129210","POST","95","404"
"1733253129305","POST","87","404"
"1733253129078","POST","150","404"
"1733253129228","POST","83","404"
"1733253129229","POST","82","404"
"1733253129209","POST","94","404"
"1733253129223","POST","62","404"
"1733253129147","POST","164","404"
"1733253129311","POST","95","404"
"1733253129012","POST","135","404"
"1733253129281","POST","86","404"
"1733253129279","POST","66","404"
"1733253129302","POST","82","404"
"1733253129302","POST","84","404"
"1733253129251","POST","189","404"
"1733253129285","POST","158","404"
"1733253129278","POST","66","404"
"1733253129280","POST","160","404"
"1733253129483","POST","33","404"
"1733253129439","POST","50","404"
"1733253129488","POST","34","404"
"1733253129265","POST","178","404"
"1733253129311","POST","95","404"
"1733253129443","POST","49","404"
"1733253129314","POST","137","404"
"1733253129438","POST","48","404"
"1733253129346","POST","141","404"
"1733253129439","POST","50","404"
"1733253129353","POST","135","404"
"1733253129484","POST","30","404"
"1733253129470","POST","35","404"
"1733253129441","POST","50","404"
"1733253129489","POST","92","404"
"1733253129443","POST","51","404"
"1733253129490","POST","88","404"
"1733253129441","POST","51","404"
"1733253129442","POST","50","404"
"1733253129460","POST","116","404"
"1733253129483","POST","30","404"
"1733253129485","POST","86","404"
"1733253129483","POST","30","404"
"1733253129484","POST","30","404"
"1733253129441","POST","50","404"
"1733253129364","POST","125","404"
"1733253129439","POST","51","404"
"1733253129375","POST","116","404"
"1733253129491","POST","91","404"
"1733253129442","POST","53","404"
"1733253129442","POST","52","404"
"1733253129446","POST","32","404"
"1733253129336","POST","163","404"
"1733253129437","POST","48","404"
"1733253129438","POST","48","404"
"1733253129442","POST","52","404"
"1733253129490","POST","91","404"
"1733253129444","POST","51","404"
"1733253129439","POST","30","404"
"1733253129310","POST","140","404"
"1733253129464","POST","41","404"
"1733253129483","POST","30","404"
"1733253129487","POST","84","404"
"1733253129362","POST","125","404"
"1733253129483","POST","33","404"
"1733253129496","POST","92","404"
"1733253129484","POST","30","404"
"1733253129490","POST","89","404"
"1733253129492","POST","36","404"
"1733253129487","POST","84","404"
"1733253129498","POST","70","404"
"1733253129488","POST","34","404"
"1733253129487","POST","87","404"
"1733253129492","POST","37","404"
"1733253129491","POST","36","404"
"1733253129493","POST","92","404"
"1733253129490","POST","91","404"
"1733253129492","POST","92","404"
"1733253129483","POST","30","404"
"1733253129499","POST","70","404"
"1733253129486","POST","31","404"
"1733253129484","POST","32","404"
"1733253129487","POST","85","404"
"1733253129488","POST","86","404"
"1733253129483","POST","32","404"
"1733253129484","POST","32","404"
"1733253129483","POST","88","404"
"1733253129486","POST","32","404"
"1733253129487","POST","88","404"
"1733253129486","POST","86","404"
"1733253129490","POST","91","404"
"1733253129581","POST","47","404"
"1733253129488","POST","33","404"
"1733253129492","POST","36","404"
"1733253129491","POST","90","404"
"1733253129491","POST","93","404"
"1733253129489","POST","91","404"
"1733253129491","POST","36","404"
"1733253129491","POST","36","404"
"1733253129450","POST","139","404"
"1733253129484","POST","30","404"
"1733253129456","POST","136","404"
"1733253129487","POST","84","404"
"1733253129486","POST","31","404"
"1733253129489","POST","35","404"
"1733253129488","POST","88","404"
"1733253129485","POST","31","404"
"1733253129490","POST","91","404"
"1733253129488","POST","90","404"
"1733253129486","POST","87","404"
"1733253129463","POST","122","404"
"1733253129491","POST","91","404"
"1733253129494","POST","91","404"
"1733253129499","POST","68","404"
"1733253129483","POST","30","404"
"1733253129499","POST","93","404"
"1733253129488","POST","89","404"
"1733253129498","POST","68","404"
"1733253129483","POST","30","404"
"1733253129489","POST","35","404"
"1733253129491","POST","37","404"
"1733253129493","POST","91","404"
"1733253129490","POST","91","404"
"1733253129484","POST","31","404"
"1733253129492","POST","36","404"
"1733253129489","POST","35","404"
"1733253129496","POST","56","404"
"1733253129485","POST","87","404"
"1733253129488","POST","32","404"
"1733253129310","POST","140","404"
"1733253129404","POST","94","404"
"1733253129484","POST","29","404"
"1733253129486","POST","86","404"
"1733253129486","POST","85","404"
"1733253129484","POST","31","404"
"1733253129577","POST","46","404"
"1733253129502","POST","175","404"
"1733253129660","POST","119","404"
"1733253129589","POST","58","404"
"1733253129586","POST","58","404"
"1733253129568","POST","110","404"
"1733253129565","POST","51","404"
"1733253129589","POST","58","404"
"1733253129552","POST","123","404"
"1733253129548","POST","63","404"
"1733253129566","POST","111","404"
"1733253129591","POST","57","404"
"1733253129592","POST","85","404"
"1733253129570","POST","49","404"
"1733253129746","POST","148","404"
"1733253129643","POST","67","404"
"1733253129642","POST","68","404"
"1733253129645","POST","67","404"
"1733253129698","POST","83","404"
"1733253129673","POST","70","404"
"1733253129620","POST","81","404"
"1733253129656","POST","67","404"
"1733253129644","POST","68","404"
"1733253129676","POST","77","404"
"1733253129673","POST","68","404"
"1733253129677","POST","104","404"
"1733253129633","POST","81","404"
"1733253129749","POST","147","404"
"1733253129705","POST","235","404"
"1733253129779","POST","163","404"
"1733253129749","POST","147","404"
"1733253129744","POST","150","404"
"1733253129777","POST","149","404"
"1733253129779","POST","149","404"
"1733253129780","POST","163","404"
"1733253129891","POST","82","404"
"1733253129775","POST","137","404"
"1733253129993","POST","204","404"
"1733253129783","POST","164","404"
"1733253129687","POST","126","404"
"1733253129783","POST","151","404"
"1733253129711","POST","231","404"
"1733253129752","POST","147","404"
"1733253129946","POST","59","404"
"1733253129943","POST","85","404"
"1733253129857","POST","101","404"
"1733253129941","POST","83","404"
"1733253129860","POST","99","404"
"1733253129884","POST","142","404"
"1733253129899","POST","77","404"
"1733253129831","POST","236","404"
"1733253130023","POST","189","404"
"1733253129944","POST","88","404"
"1733253129931","POST","101","404"
"1733253129946","POST","59","404"
"1733253129978","POST","265","404"
"1733253129965","POST","211","404"
"1733253129897","POST","135","404"
"1733253129815","POST","207","404"
"1733253129818","POST","208","404"
"1733253129901","POST","171","404"
"1733253130194","POST","73","404"
"1733253129987","POST","202","404"
"1733253130181","POST","73","404"
"1733253129981","POST","259","404"
"1733253130035","POST","205","404"
"1733253130021","POST","189","404"
"1733253130030","POST","194","404"
"1733253130220","POST","66","404"
"1733253130015","POST","229","404"
"1733253130023","POST","215","404"
"1733253130021","POST","188","404"
"1733253129980","POST","258","404"
"1733253130224","POST","75","404"
"1733253130191","POST","22","404"
"1733253130192","POST","19","404"
"1733253130196","POST","72","404"
"1733253130240","POST","90","404"
"1733253130205","POST","68","404"
"1733253130191","POST","75","404"
"1733253130194","POST","73","404"
"1733253130207","POST","68","404"
"1733253130214","POST","67","404"
"1733253130207","POST","67","404"
"1733253130198","POST","72","404"
"1733253130242","POST","99","404"
"1733253130253","POST","103","404"
"1733253130217","POST","128","404"
"1733253130239","POST","106","404"
"1733253130228","POST","119","404"
"1733253130240","POST","106","404"
"1733253130340","POST","54","404"
"1733253130232","POST","118","404"
"1733253130190","POST","75","404"
"1733253130194","POST","73","404"
"1733253130190","POST","75","404"
"1733253130175","POST","170","404"
"1733253130244","POST","109","404"
"1733253130209","POST","69","404"
"1733253130209","POST","69","404"
"1733253130343","POST","52","404"
"1733253130237","POST","108","404"
"1733253130207","POST","69","404"
"1733253130222","POST","75","404"
"1733253130234","POST","78","404"
"1733253130257","POST","102","404"
"1733253130238","POST","87","404"
"1733253130251","POST","298","404"
"1733253130162","POST","87","404"
"1733253130211","POST","68","404"
"1733253130275","POST","81","404"
"1733253130162","POST","88","404"
"1733253130252","POST","103","404"
"1733253130256","POST","102","404"
"1733253130259","POST","101","404"
"1733253130277","POST","93","404"
"1733253130271","POST","93","404"
"1733253130268","POST","95","404"
"1733253130264","POST","96","404"
"1733253130275","POST","92","404"
"1733253130322","POST","64","404"
"1733253130328","POST","60","404"
"1733253130331","POST","59","404"
"1733253130328","POST","60","404"
"1733253130342","POST","52","404"
"1733253130338","POST","54","404"
"1733253130340","POST","53","404"
"1733253130340","POST","54","404"
"1733253130346","POST","56","404"
"1733253130345","POST","52","404"
"1733253130345","POST","52","404"
"1733253130347","POST","59","404"
"1733253130349","POST","150","404"
"1733253130349","POST","192","404"
"1733253130348","POST","194","404"
"1733253130279","POST","267","404"
"1733253130279","POST","266","404"
"1733253130255","POST","291","404"
"1733253130272","POST","274","404"
"1733253130266","POST","280","404"
"1733253130392","POST","206","404"
"1733253130325","POST","222","404"
"1733253130326","POST","221","404"
"1733253130272","POST","275","404"
"1733253130351","POST","197","404"
"1733253130321","POST","227","404"
"1733253130274","POST","91","404"
"1733253130338","POST","210","404"
"1733253130345","POST","56","404"
"1733253130346","POST","55","404"
"1733253130345","POST","56","404"
"1733253130352","POST","205","404"
"1733253130499","POST","113","404"
"1733253130282","POST","92","404"
"1733253130277","POST","93","404"
"1733253130351","POST","206","404"
"1733253130285","POST","94","404"
"1733253130277","POST","92","404"
"1733253130321","POST","227","404"
"1733253130286","POST","93","404"
"1733253130310","POST","73","404"
"1733253130307","POST","75","404"
"1733253130308","POST","74","404"
"1733253130247","POST","106","404"
"1733253130308","POST","75","404"
"1733253130404","POST","220","404"
"1733253130312","POST","73","404"
"1733253130324","POST","62","404"
"1733253130248","POST","106","404"
"1733253130284","POST","94","404"
"1733253130250","POST","105","404"
"1733253130283","POST","94","404"
"1733253130265","POST","281","404"
"1733253130268","POST","94","404"
"1733253130282","POST","95","404"
"1733253130273","POST","275","404"
"1733253130281","POST","93","404"
"1733253130281","POST","94","404"
"1733253130245","POST","108","404"
"1733253130282","POST","94","404"
"1733253130250","POST","105","404"
"1733253130359","POST","219","404"
"1733253130363","POST","218","404"
"1733253130540","POST","73","404"
"1733253130383","POST","209","404"
"1733253130404","POST","220","404"
"1733253130365","POST","257","404"
"1733253130601","POST","50","404"
"1733253130401","POST","222","404"
"1733253130382","POST","241","404"
"1733253130398","POST","226","404"
"1733253130385","POST","209","404"
"1733253130355","POST","207","404"
"1733253130388","POST","235","404"
"1733253130353","POST","206","404"
"1733253130598","POST","49","404"
"1733253130600","POST","50","404"
"1733253130623","POST","62","404"
"1733253130629","POST","72","404"
"1733253130609","POST","51","404"
"1733253130634","POST","73","404"
"1733253130624","POST","67","404"
"1733253130672","POST","65","404"
"1733253130589","POST","106","404"
"1733253130589","POST","106","404"
"1733253130657","POST","43","404"
"1733253130592","POST","104","404"
"1733253130597","POST","49","404"
"1733253130633","POST","5","404"
"1733253130625","POST","69","404"
"1733253130582","POST","55","404"
"1733253130622","POST","59","404"
"1733253130659","POST","67","404"
"1733253130678","POST","64","404"
"1733253130648","POST","69","404"
"1733253130660","POST","70","404"
"1733253130662","POST","70","404"
"1733253130667","POST","71","404"
"1733253130674","POST","64","404"
"1733253130687","POST","60","404"
"1733253130698","POST","69","404"
"1733253130707","POST","77","404"
"1733253130693","POST","84","404"
"1733253130692","POST","57","404"
"1733253130731","POST","235","404"
"1733253130723","POST","231","404"
"1733253130723","POST","231","404"
"1733253130723","POST","228","404"
"1733253130722","POST","229","404"
"1733253130725","POST","236","404"
"1733253130737","POST","235","404"
"1733253130944","POST","81","404"
"1733253130738","POST","236","404"
"1733253130743","POST","237","404"
"1733253130746","POST","236","404"
"1733253130750","POST","236","404"
"1733253130976","POST","72","404"
"1733253130787","POST","234","404"
"1733253130825","POST","197","404"
"1733253130782","POST","235","404"
"1733253130774","POST","226","404"
"1733253130774","POST","226","404"
"1733253130713","POST","201","404"
"1733253130771","POST","227","404"
"1733253130775","POST","229","404"
"1733253130768","POST","228","404"
"1733253131022","POST","65","404"
"1733253131023","POST","65","404"
"1733253131021","POST","3","404"
"1733253130928","POST","97","404"
"1733253130971","POST","67","404"
"1733253130976","POST","72","404"
"1733253130978","POST","74","404"
"1733253131030","POST","25","404"
"1733253130984","POST","73","404"
"1733253130986","POST","72","404"
"1733253131090","POST","49","404"
"1733253131009","POST","72","404"
"1733253131018","POST","64","404"
"1733253131017","POST","64","404"
"1733253131072","POST","50","404"
"1733253131018","POST","63","404"
"1733253131039","POST","47","404"
"1733253131022","POST","64","404"
"1733253130993","POST","71","404"
"1733253131064","POST","12","404"
"1733253131000","POST","73","404"
"1733253131027","POST","64","404"
"1733253131003","POST","73","404"
"1733253131006","POST","73","404"
"1733253131078","POST","40","404"
"1733253131075","POST","50","404"
"1733253131030","POST","62","404"
"1733253131029","POST","63","404"
"1733253131030","POST","64","404"
"1733253131033","POST","62","404"
"1733253131036","POST","62","404"
"1733253131035","POST","62","404"
"1733253131063","POST","55","404"
"1733253131051","POST","51","404"
"1733253131055","POST","54","404"
"1733253131081","POST","50","404"
"1733253131094","POST","48","404"
"1733253131098","POST","48","404"
"1733253131056","POST","54","404"
"1733253131059","POST","55","404"
"1733253131061","POST","54","404"
"1733253131060","POST","55","404"
"1733253131061","POST","55","404"
"1733253131063","POST","55","404"
"1733253131085","POST","47","404"
"1733253131081","POST","51","404"
"1733253131085","POST","48","404"
"1733253131086","POST","49","404"
"1733253131070","POST","51","404"
"1733253131105","POST","46","404"
"1733253131071","POST","51","404"
"1733253131038","POST","60","404"
"1733253131091","POST","48","404"
"1733253131080","POST","50","404"
"1733253131077","POST","50","404"
"1733253131085","POST","48","404"
"1733253131080","POST","50","404"
"1733253131065","POST","54","404"
"1733253131088","POST","46","404"
"1733253131023","POST","64","404"
"1733253131120","POST","8","404"
"1733253131120","POST","41","404"
"1733253131123","POST","74","404"
"1733253131090","POST","48","404"
"1733253131088","POST","48","404"
"1733253131102","POST","35","404"
"1733253131089","POST","49","404"
"1733253131091","POST","48","404"
"1733253131089","POST","49","404"
"1733253131123","POST","76","404"
"1733253131093","POST","49","404"
"1733253131095","POST","48","404"
"1733253131115","POST","29","404"
"1733253131094","POST","48","404"
"1733253131098","POST","48","404"
"1733253131096","POST","48","404"
"1733253131099","POST","49","404"
"1733253131100","POST","47","404"
"1733253131099","POST","48","404"
"1733253131117","POST","41","404"
"1733253131100","POST","47","404"
"1733253131101","POST","47","404"
"1733253131101","POST","47","404"
"1733253131104","POST","46","404"
"1733253131102","POST","47","404"
"1733253131121","POST","60","404"
"1733253131106","POST","45","404"
"1733253131102","POST","47","404"
"1733253131142","POST","105","404"
"1733253131106","POST","46","404"
"1733253131105","POST","46","404"
"1733253131108","POST","44","404"
"1733253131112","POST","42","404"
"1733253131109","POST","44","404"
"1733253131108","POST","45","404"
"1733253131114","POST","42","404"
"1733253131122","POST","62","404"
"1733253131115","POST","41","404"
"1733253131115","POST","42","404"
"1733253131113","POST","43","404"
"1733253131129","POST","99","404"
"1733253131132","POST","101","404"
"1733253131151","POST","109","404"
"1733253131118","POST","41","404"
"1733253131133","POST","103","404"
"1733253131133","POST","102","404"
"1733253131126","POST","95","404"
"1733253131130","POST","100","404"
"1733253131125","POST","94","404"
"1733253131121","POST","62","404"
"1733253131121","POST","63","404"
"1733253131119","POST","41","404"
"1733253131122","POST","62","404"
"1733253131129","POST","101","404"
"1733253131128","POST","101","404"
"1733253131128","POST","101","404"
"1733253131117","POST","41","404"
"1733253131125","POST","94","404"
"1733253131126","POST","96","404"
"1733253131118","POST","41","404"
"1733253131136","POST","104","404"
"1733253131154","POST","114","404"
"1733253131244","POST","160","404"
"1733253131152","POST","110","404"
"1733253131151","POST","109","404"
"1733253131155","POST","114","404"
"1733253131234","POST","51","404"
"1733253131242","POST","152","404"
"1733253131161","POST","153","404"
"1733253131227","POST","89","404"
"1733253131197","POST","140","404"
"1733253131337","POST","134","404"
"1733253131331","POST","136","404"
"1733253131229","POST","110","404"
"1733253131336","POST","134","404"
"1733253131247","POST","171","404"
"1733253131248","POST","171","404"
"1733253131248","POST","170","404"
"1733253131271","POST","174","404"
"1733253131269","POST","174","404"
"1733253131272","POST","175","404"
"1733253131274","POST","175","404"
"1733253131312","POST","140","404"
"1733253131339","POST","135","404"
"1733253131312","POST","144","404"
"1733253131407","POST","73","404"
"1733253131425","POST","72","404"
"1733253131338","POST","134","404"
"1733253131341","POST","133","404"
"1733253131395","POST","84","404"
"1733253131417","POST","72","404"
"1733253131422","POST","70","404"
"1733253131425","POST","73","404"
"1733253131454","POST","51","404"
"1733253131442","POST","68","404"
"1733253131506","POST","196","404"
"1733253131454","POST","138","404"
"1733253131521","POST","185","404"
"1733253131460","POST","167","404"
"1733253131461","POST","170","404"
"1733253131490","POST","199","404"
"1733253131473","POST","191","404"
"1733253131633","POST","89","404"
"1733253131488","POST","195","404"
"1733253131481","POST","200","404"
"1733253131482","POST","201","404"
"1733253131482","POST","201","404"
"1733253131664","POST","68","404"
"1733253131493","POST","199","404"
"1733253131491","POST","199","404"
"1733253131721","POST","17","404"
"1733253131743","POST","109","404"
"1733253131500","POST","196","404"
"1733253131580","POST","136","404"
"1733253131529","POST","179","404"
"1733253131531","POST","179","404"
"1733253131536","POST","178","404"
"1733253131661","POST","68","404"
"1733253131568","POST","146","404"
"1733253131615","POST","103","404"
"1733253131678","POST","40","404"
"1733253131627","POST","93","404"
"1733253131681","POST","59","404"
"1733253131635","POST","88","404"
"1733253131713","POST","51","404"
"1733253131667","POST","67","404"
"1733253131742","POST","76","404"
"1733253131665","POST","68","404"
"1733253131724","POST","61","404"
"1733253131701","POST","52","404"
"1733253131733","POST","5","404"
"1733253131698","POST","52","404"
"1733253131737","POST","94","404"
"1733253131693","POST","54","404"
"1733253131747","POST","109","404"
"1733253131811","POST","35","404"
"1733253131705","POST","52","404"
"1733253131703","POST","52","404"
"1733253131708","POST","52","404"
"1733253131711","POST","52","404"
"1733253131710","POST","52","404"
"1733253131725","POST","60","404"
"1733253131711","POST","52","404"
"1733253131711","POST","52","404"
"1733253131715","POST","51","404"
"1733253131713","POST","51","404"
"1733253131715","POST","51","404"
"1733253131718","POST","51","404"
"1733253131720","POST","59","404"
"1733253131718","POST","54","404"
"1733253131761","POST","20","404"
"1733253131759","POST","114","404"
"1733253131766","POST","117","404"
"1733253131746","POST","110","404"
"1733253131754","POST","113","404"
"1733253131784","POST","61","404"
"1733253131741","POST","105","404"
"1733253131743","POST","108","404"
"1733253131759","POST","114","404"
"1733253131861","POST","74","404"
"1733253131822","POST","85","404"
"1733253131761","POST","114","404"
"1733253131853","POST","76","404"
"1733253131831","POST","80","404"
"1733253131756","POST","115","404"
"1733253131751","POST","112","404"
"1733253131856","POST","75","404"
"1733253131747","POST","111","404"
"1733253131754","POST","112","404"
"1733253131759","POST","113","404"
"1733253131854","POST","76","404"
"1733253131783","POST","114","404"
"1733253131763","POST","115","404"
"1733253131759","POST","114","404"
"1733253131856","POST","75","404"
"1733253131761","POST","114","404"
"1733253131764","POST","115","404"
"1733253131870","POST","15","404"
"1733253131817","POST","89","404"
"1733253131768","POST","119","404"
"1733253131783","POST","113","404"
"1733253131850","POST","48","404"
"1733253131845","POST","79","404"
"1733253131784","POST","114","404"
"1733253131784","POST","114","404"
"1733253131787","POST","114","404"
"1733253131786","POST","115","404"
"1733253131812","POST","93","404"
"1733253131786","POST","115","404"
"1733253131853","POST","49","404"
"1733253131828","POST","81","404"
"1733253131816","POST","91","404"
"1733253131828","POST","81","404"
"1733253131844","POST","78","404"
"1733253131896","POST","70","404"
"1733253131856","POST","77","404"
"1733253131831","POST","79","404"
"1733253131840","POST","82","404"
"1733253131905","POST","67","404"
"1733253131872","POST","71","404"
"1733253131847","POST","79","404"
"1733253131846","POST","79","404"
"1733253131863","POST","73","404"
"1733253131875","POST","70","404"
"1733253131856","POST","75","404"
"1733253131871","POST","71","404"
"1733253131858","POST","74","404"
"1733253131863","POST","73","404"
"1733253131866","POST","74","404"
"1733253131858","POST","77","404"
"1733253131860","POST","74","404"
"1733253131864","POST","74","404"
"1733253131863","POST","73","404"
"1733253131865","POST","72","404"
"1733253131864","POST","74","404"
"1733253131863","POST","74","404"
"1733253131865","POST","73","404"
"1733253131865","POST","73","404"
"1733253131891","POST","50","404"
"1733253131925","POST","60","404"
"1733253131870","POST","71","404"
"1733253131870","POST","71","404"
"1733253131871","POST","71","404"
"1733253131873","POST","71","404"
"1733253131876","POST","69","404"
"1733253131879","POST","68","404"
"1733253131882","POST","70","404"
"1733253131908","POST","69","404"
"1733253131891","POST","69","404"
"1733253131888","POST","69","404"
"1733253131888","POST","69","404"
"1733253131898","POST","68","404"
"1733253131896","POST","69","404"
"1733253131899","POST","69","404"
"1733253131901","POST","69","404"
"1733253131928","POST","58","404"
"1733253131901","POST","69","404"
"1733253131906","POST","68","404"
"1733253131905","POST","68","404"
"1733253131955","POST","16","404"
"1733253131906","POST","68","404"
"1733253131905","POST","68","404"
"1733253131964","POST","219","404"
"1733253131908","POST","69","404"
"1733253131923","POST","60","404"
"1733253131979","POST","21","404"
"1733253131989","POST","247","404"
"1733253131958","POST","167","404"
"1733253131940","POST","76","404"
"1733253131939","POST","77","404"
"1733253131940","POST","77","404"
"1733253131987","POST","248","404"
"1733253131949","POST","164","404"
"1733253132109","POST","80","404"
"1733253131968","POST","228","404"
"1733253131971","POST","227","404"
"1733253132162","POST","49","404"
"1733253131981","POST","239","404"
"1733253131986","POST","243","404"
"1733253131986","POST","243","404"
"1733253132117","POST","160","404"
"1733253131997","POST","238","404"
"1733253132221","POST","102","404"
"1733253132331","POST","186","404"
"1733253132024","POST","235","404"
"1733253132098","POST","164","404"
"1733253132252","POST","106","404"
"1733253132236","POST","104","404"
"1733253132129","POST","166","404"
"1733253132121","POST","164","404"
"1733253132341","POST","187","404"
"1733253132295","POST","87","404"
"1733253132209","POST","108","404"
"1733253132207","POST","111","404"
"1733253132216","POST","104","404"
"1733253132230","POST","102","404"
"1733253132244","POST","90","404"
"1733253132269","POST","103","404"
"1733253132239","POST","100","404"
"1733253132330","POST","187","404"
"1733253132292","POST","88","404"
"1733253132298","POST","92","404"
"1733253132296","POST","90","404"
"1733253132308","POST","84","404"
"1733253132336","POST","188","404"
"1733253132319","POST","88","404"
"1733253132322","POST","161","404"
"1733253132327","POST","182","404"
"1733253132334","POST","189","404"
"1733253132411","POST","176","404"
"1733253132340","POST","188","404"
"1733253132336","POST","190","404"
"1733253132333","POST","189","404"
"1733253132375","POST","194","404"
"1733253132341","POST","187","404"
"1733253132489","POST","103","404"
"1733253132349","POST","197","404"
"1733253132396","POST","185","404"
"1733253132360","POST","198","404"
"1733253132521","POST","35","404"
"1733253132371","POST","193","404"
"1733253132382","POST","188","404"
"1733253132373","POST","195","404"
"1733253132375","POST","194","404"
"1733253132389","POST","185","404"
"1733253132384","POST","188","404"
"1733253132389","POST","187","404"
"1733253132389","POST","187","404"
"1733253132564","POST","51","404"
"1733253132408","POST","178","404"
"1733253132407","POST","179","404"
"1733253132411","POST","177","404"
"1733253132483","POST","107","404"
"1733253132499","POST","93","404"
"1733253132500","POST","93","404"
"1733253132550","POST","45","404"
"1733253132594","POST","44","404"
"1733253132527","POST","76","404"
"1733253132573","POST","49","404"
"1733253132552","POST","57","404"
"1733253132554","POST","56","404"
"1733253132563","POST","51","404"
"1733253132581","POST","47","404"
"1733253132559","POST","53","404"
"1733253132567","POST","50","404"
"1733253132561","POST","52","404"
"1733253132568","POST","49","404"
"1733253132604","POST","44","404"
"1733253132566","POST","51","404"
"1733253132565","POST","50","404"
"1733253132573","POST","49","404"
"1733253132569","POST","50","404"
"1733253132606","POST","44","404"
"1733253132572","POST","50","404"
"1733253132572","POST","50","404"
"1733253132573","POST","50","404"
"1733253132613","POST","43","404"
"1733253132612","POST","44","404"
"1733253132614","POST","43","404"
"1733253132620","POST","85","404"
"1733253132583","POST","47","404"
"1733253132619","POST","42","404"
"1733253132592","POST","45","404"
"1733253132592","POST","46","404"
"1733253132594","POST","45","404"
"1733253132593","POST","44","404"
"1733253132596","POST","44","404"
"1733253132627","POST","132","404"
"1733253132631","POST","140","404"
"1733253132600","POST","44","404"
"1733253132597","POST","45","404"
"1733253132613","POST","44","404"
"1733253132597","POST","45","404"
"1733253132613","POST","44","404"
"1733253132605","POST","44","404"
"1733253132617","POST","43","404"
"1733253132606","POST","44","404"
"1733253132609","POST","44","404"
"1733253132605","POST","44","404"
"1733253132619","POST","43","404"
"1733253132626","POST","129","404"
"1733253132610","POST","43","404"
"1733253132638","POST","116","404"
"1733253132608","POST","43","404"
"1733253132626","POST","128","404"
"1733253132653","POST","165","404"
"1733253132656","POST","166","404"
"1733253132650","POST","161","404"
"1733253132625","POST","126","404"
"1733253132625","POST","128","404"
"1733253132627","POST","129","404"
"1733253132629","POST","135","404"
"1733253132628","POST","131","404"
"1733253132629","POST","136","404"
"1733253132643","POST","161","404"
"1733253132810","POST","13","404"
"1733253132628","POST","131","404"
"1733253132635","POST","152","404"
"1733253132633","POST","147","404"
"1733253132636","POST","157","404"
"1733253132636","POST","158","404"
"1733253132647","POST","133","404"
"1733253132634","POST","148","404"
"1733253132637","POST","156","404"
"1733253132635","POST","148","404"
"1733253132645","POST","161","404"
"1733253132640","POST","162","404"
"1733253132641","POST","161","404"
"1733253132641","POST","161","404"
"1733253132638","POST","158","404"
"1733253132654","POST","166","404"
"1733253132640","POST","162","404"
"1733253132643","POST","161","404"
"1733253132645","POST","161","404"
"1733253132648","POST","160","404"
"1733253132647","POST","161","404"
"1733253132648","POST","161","404"
"1733253132648","POST","161","404"
"1733253132648","POST","162","404"
"1733253132650","POST","160","404"
"1733253132653","POST","167","404"
"1733253132652","POST","164","404"
"1733253132649","POST","161","404"
"1733253132655","POST","167","404"
"1733253132658","POST","167","404"
"1733253132650","POST","159","404"
"1733253132658","POST","167","404"
"1733253132780","POST","67","404"
"1733253132662","POST","168","404"
"1733253132778","POST","67","404"
"1733253132703","POST","130","404"
"1733253132749","POST","87","404"
"1733253132709","POST","124","404"
"1733253132700","POST","133","404"
"1733253132754","POST","85","404"
"1733253132711","POST","124","404"
"1733253132823","POST","67","404"
"1733253132752","POST","85","404"
"1733253132759","POST","83","404"
"1733253132759","POST","81","404"
"1733253132768","POST","75","404"
"1733253132765","POST","77","404"
"1733253132773","POST","70","404"
"1733253132759","POST","81","404"
"1733253132779","POST","68","404"
"1733253132771","POST","72","404"
"1733253132858","POST","15","404"
"1733253132800","POST","58","404"
"1733253132807","POST","60","404"
"1733253132817","POST","59","404"
"1733253132814","POST","63","404"
"1733253132810","POST","66","404"
"1733253132815","POST","62","404"
"1733253132845","POST","102","404"
"1733253132826","POST","64","404"
"1733253132835","POST","64","404"
"1733253132839","POST","67","404"
"1733253132842","POST","68","404"
"1733253132848","POST","105","404"
"1733253132859","POST","110","404"
"1733253132878","POST","85","404"
"1733253132886","POST","116","404"
"1733253132865","POST","118","404"
"1733253132951","POST","24","404"
"1733253132867","POST","122","404"
"1733253132895","POST","118","404"
"1733253132876","POST","118","404"
"1733253132899","POST","148","404"
"1733253132984","POST","95","404"
"1733253132889","POST","116","404"
"1733253132946","POST","117","404"
"1733253132891","POST","120","404"
"1733253132892","POST","120","404"
"1733253132894","POST","118","404"
"1733253133075","POST","49","404"
"1733253132911","POST","148","404"
"1733253132910","POST","147","404"
"1733253133049","POST","56","404"
"1733253132974","POST","103","404"
"1733253132979","POST","99","404"
"1733253132972","POST","105","404"
"1733253133054","POST","56","404"
"1733253132997","POST","90","404"
"1733253133078","POST","48","404"
"1733253133045","POST","56","404"
"1733253133049","POST","56","404"
"1733253133056","POST","54","404"
"1733253133072","POST","49","404"
"1733253133098","POST","48","404"
"1733253133097","POST","50","404"
"1733253133065","POST","52","404"
"1733253133147","POST","7","404"
"1733253133067","POST","53","404"
"1733253133075","POST","49","404"
"1733253133089","POST","51","404"
"1733253133078","POST","49","404"
"1733253133078","POST","50","404"
"1733253133080","POST","48","404"
"1733253133080","POST","49","404"
"1733253133077","POST","48","404"
"1733253133082","POST","49","404"
"1733253133106","POST","48","404"
"1733253133089","POST","50","404"
"1733253133091","POST","50","404"
"1733253133118","POST","90","404"
"1733253133096","POST","49","404"
"1733253133105","POST","46","404"
"1733253133101","POST","49","404"
"1733253133100","POST","49","404"
"1733253133102","POST","48","404"
"1733253133123","POST","108","404"
"1733253133115","POST","46","404"
"1733253133151","POST","158","404"
"1733253133111","POST","47","404"
"1733253133150","POST","158","404"
"1733253133116","POST","46","404"
"1733253133114","POST","46","404"
"1733253133117","POST","45","404"
"1733253133148","POST","156","404"
"1733253133153","POST","156","404"
"1733253133119","POST","95","404"
"1733253133159","POST","167","404"
"1733253133212","POST","121","404"
"1733253133131","POST","124","404"
"1733253133131","POST","123","404"
"1733253133129","POST","120","404"
"1733253133135","POST","128","404"
"1733253133161","POST","168","404"
"1733253133138","POST","130","404"
"1733253133138","POST","129","404"
"1733253133140","POST","131","404"
"1733253133138","POST","127","404"
"1733253133246","POST","98","404"
"1733253133143","POST","142","404"
"1733253133146","POST","149","404"
"1733253133143","POST","136","404"
"1733253133141","POST","138","404"
"1733253133147","POST","152","404"
"1733253133141","POST","139","404"
"1733253133232","POST","109","404"
"1733253133145","POST","135","404"
"1733253133212","POST","123","404"
"1733253133150","POST","158","404"
"1733253133154","POST","164","404"
"1733253133156","POST","164","404"
"1733253133304","POST","17","404"
"1733253133158","POST","165","404"
"1733253133218","POST","116","404"
"1733253133212","POST","121","404"
"1733253133225","POST","112","404"
"1733253133232","POST","109","404"
"1733253133229","POST","111","404"
"1733253133230","POST","109","404"
"1733253133329","POST","56","404"
"1733253133254","POST","91","404"
"1733253133254","POST","91","404"
"1733253133246","POST","98","404"
"1733253133256","POST","93","404"
"1733253133254","POST","95","404"
"1733253133264","POST","88","404"
"1733253133260","POST","91","404"
"1733253133264","POST","88","404"
"1733253133280","POST","77","404"
"1733253133264","POST","88","404"
"1733253133264","POST","88","404"
"1733253133263","POST","90","404"
"1733253133331","POST","55","404"
"1733253133320","POST","56","404"
"1733253133279","POST","79","404"
"1733253133302","POST","63","404"
"1733253133305","POST","61","404"
"1733253133355","POST","55","404"
"1733253133346","POST","54","404"
"1733253133331","POST","35","404"
"1733253133330","POST","55","404"
"1733253133317","POST","57","404"
"1733253133320","POST","56","404"
"1733253133310","POST","63","404"
"1733253133320","POST","56","404"
"1733253133325","POST","55","404"
"1733253133328","POST","54","404"
"1733253133326","POST","55","404"
"1733253133327","POST","54","404"
"1733253133329","POST","56","404"
"1733253133378","POST","103","404"
"1733253133335","POST","54","404"
"1733253133332","POST","54","404"
"1733253133334","POST","54","404"
"1733253133335","POST","54","404"
"1733253133339","POST","53","404"
"1733253133336","POST","54","404"
"1733253133338","POST","54","404"
"1733253133377","POST","103","404"
"1733253133338","POST","54","404"
"1733253133339","POST","53","404"
"1733253133338","POST","54","404"
"1733253133343","POST","54","404"
"1733253133342","POST","54","404"
"1733253133342","POST","54","404"
"1733253133349","POST","53","404"
"1733253133346","POST","53","404"
"1733253133349","POST","55","404"
"1733253133350","POST","55","404"
"1733253133350","POST","56","404"
"1733253133346","POST","55","404"
"1733253133351","POST","55","404"
"1733253133402","POST","56","404"
"1733253133356","POST","55","404"
"1733253133360","POST","98","404"
"1733253133356","POST","55","404"
"1733253133364","POST","99","404"
"1733253133360","POST","92","404"
"1733253133368","POST","99","404"
"1733253133366","POST","102","404"
"1733253133368","POST","99","404"
"1733253133367","POST","100","404"
"1733253133373","POST","99","404"
"1733253133376","POST","97","404"
"1733253133376","POST","103","404"
"1733253133390","POST","115","404"
"1733253133373","POST","99","404"
"1733253133410","POST","142","404"
"1733253133377","POST","104","404"
"1733253133373","POST","99","404"
"1733253133374","POST","100","404"
"1733253133407","POST","121","404"
"1733253133381","POST","106","404"
"1733253133382","POST","109","404"
"1733253133474","POST","17","404"
"1733253133382","POST","107","404"
"1733253133407","POST","122","404"
"1733253133399","POST","120","404"
"1733253133407","POST","122","404"
"1733253133453","POST","103","404"
"1733253133499","POST","59","404"
"1733253133390","POST","112","404"
"1733253133558","POST","69","404"
"1733253133369","POST","100","404"
"1733253133472","POST","98","404"
"1733253133484","POST","98","404"
"1733253133500","POST","93","404"
"1733253133507","POST","89","404"
"1733253133520","POST","82","404"
"1733253133512","POST","86","404"
"1733253133522","POST","88","404"
"1733253133522","POST","87","404"
"1733253133526","POST","85","404"
"1733253133558","POST","71","404"
"1733253133554","POST","69","404"
"1733253133562","POST","70","404"
"1733253133556","POST","70","404"
"1733253133563","POST","69","404"
"1733253133530","POST","87","404"
"1733253133519","POST","83","404"
"1733253133560","POST","73","404"
"1733253133618","POST","80","404"
"1733253133577","POST","67","404"
"1733253133582","POST","65","404"
"1733253133592","POST","64","404"
"1733253133596","POST","63","404"
"1733253133597","POST","63","404"
"1733253133649","POST","8","404"
"1733253133600","POST","66","404"
"1733253133607","POST","72","404"
"1733253133658","POST","80","404"
"1733253133717","POST","28","404"
"1733253133666","POST","79","404"
"1733253133634","POST","79","404"
"1733253133617","POST","79","404"
"1733253133651","POST","80","404"
"1733253133656","POST","79","404"
"1733253133707","POST","61","404"
"1733253133751","POST","95","404"
"1733253133666","POST","49","404"
"1733253133655","POST","80","404"
"1733253133644","POST","77","404"
"1733253133645","POST","77","404"
"1733253133676","POST","52","404"
"1733253133653","POST","81","404"
"1733253133732","POST","10","404"
"1733253133722","POST","62","404"
"1733253133698","POST","60","404"
"1733253133659","POST","81","404"
"1733253133674","POST","72","404"
"1733253133742","POST","100","404"
"1733253133691","POST","63","404"
"1733253133705","POST","58","404"
"1733253133703","POST","59","404"
"1733253133727","POST","87","404"
"1733253133676","POST","70","404"
"1733253133713","POST","62","404"
"1733253133758","POST","95","404"
"1733253133729","POST","84","404"
"1733253133771","POST","89","404"
"1733253133640","POST","77","404"
"1733253133777","POST","88","404"
"1733253133851","POST","51","404"
"1733253133726","POST","60","404"
"1733253133726","POST","60","404"
"1733253133755","POST","96","404"
"1733253133715","POST","62","404"
"1733253133776","POST","90","404"
"1733253133717","POST","61","404"
"1733253133729","POST","84","404"
"1733253133730","POST","91","404"
"1733253133731","POST","91","404"
"1733253133751","POST","73","404"
"1733253133760","POST","94","404"
"1733253133780","POST","68","404"
"1733253133735","POST","94","404"
"1733253133751","POST","97","404"
"1733253133830","POST","18","404"
"1733253133844","POST","51","404"
"1733253133759","POST","94","404"
"1733253133762","POST","95","404"
"1733253133771","POST","90","404"
"1733253133768","POST","91","404"
"1733253133762","POST","95","404"
"1733253133717","POST","144","404"
"1733253133765","POST","94","404"
"1733253133785","POST","77","404"
"1733253133861","POST","49","404"
"1733253133767","POST","92","404"
"1733253133776","POST","90","404"
"1733253133847","POST","50","404"
"1733253133752","POST","110","404"
"1733253133767","POST","92","404"
"1733253133777","POST","92","404"
"1733253133746","POST","116","404"
"1733253133783","POST","90","404"
"1733253133732","POST","94","404"
"1733253133857","POST","49","404"
"1733253133853","POST","50","404"
"1733253133786","POST","90","404"
"1733253133844","POST","49","404"
"1733253133851","POST","51","404"
"1733253133876","POST","25","404"
"1733253133830","POST","55","404"
"1733253133850","POST","50","404"
"1733253133874","POST","78","404"
"1733253133850","POST","51","404"
"1733253133855","POST","50","404"
"1733253133845","POST","49","404"
"1733253133847","POST","49","404"
"1733253133844","POST","50","404"
"1733253133848","POST","50","404"
"1733253133867","POST","68","404"
"1733253133855","POST","50","404"
"1733253133862","POST","49","404"
"1733253133864","POST","67","404"
"1733253133852","POST","52","404"
"1733253133855","POST","50","404"
"1733253133870","POST","78","404"
"1733253133871","POST","76","404"
"1733253133872","POST","77","404"
"1733253133857","POST","49","404"
"1733253133869","POST","66","404"
"1733253133881","POST","117","404"
"1733253133827","POST","55","404"
"1733253133877","POST","91","404"
"1733253133880","POST","106","404"
"1733253133871","POST","76","404"
"1733253133891","POST","141","404"
"1733253133906","POST","203","404"
"1733253133871","POST","79","404"
"1733253133950","POST","177","404"
"1733253133887","POST","131","404"
"1733253133889","POST","147","404"
"1733253133901","POST","194","404"
"1733253133889","POST","141","404"
"1733253133890","POST","142","404"
"1733253133901","POST","192","404"
"1733253133899","POST","193","404"
"1733253133894","POST","189","404"
"1733253133892","POST","171","404"
"1733253133896","POST","188","404"
"1733253133887","POST","125","404"
"1733253133892","POST","184","404"
"1733253133905","POST","199","404"
"1733253133881","POST","117","404"
"1733253133897","POST","192","404"
"1733253133886","POST","127","404"
"1733253133896","POST","190","404"
"1733253133896","POST","190","404"
"1733253133894","POST","190","404"
"1733253133886","POST","127","404"
"1733253133905","POST","196","404"
"1733253133931","POST","188","404"
"1733253133930","POST","186","404"
"1733253133941","POST","182","404"
"1733253134117","POST","4","404"
"1733253133933","POST","186","404"
"1733253133950","POST","177","404"
"1733253133899","POST","191","404"
"1733253133910","POST","201","404"
"1733253133910","POST","203","404"
"1733253133949","POST","177","404"
"1733253133997","POST","136","404"
"1733253133905","POST","198","404"
"1733253133891","POST","172","404"
"1733253134112","POST","5","404"
"1733253133948","POST","177","404"
"1733253133964","POST","166","404"
"1733253134012","POST","126","404"
"1733253134076","POST","71","404"
"1733253134109","POST","60","404"
"1733253133883","POST","127","404"
"1733253133935","POST","186","404"
"1733253133950","POST","177","404"
"1733253133947","POST","176","404"
"1733253134116","POST","54","404"
"1733253134114","POST","52","404"
"1733253133943","POST","181","404"
"1733253134009","POST","127","404"
"1733253133948","POST","177","404"
"1733253133983","POST","149","404"
"1733253134121","POST","60","404"
"1733253134145","POST","57","404"
"1733253133997","POST","138","404"
"1733253134141","POST","57","404"
"1733253134168","POST","57","404"
"1733253134132","POST","58","404"
"1733253134155","POST","57","404"
"1733253134148","POST","58","404"
"1733253134161","POST","59","404"
"1733253134105","POST","64","404"
"1733253134166","POST","57","404"
"1733253134153","POST","57","404"
"1733253134164","POST","57","404"
"1733253134171","POST","56